ID,ENTRYTYPE,author,title,year,journal,booktitle,publisher,volume,number,pages,doi,url,keywords,abstract,address,articleno,isbn,issn,issue_date,location,month,numpages,series
10.1145/3511616.3513097,inproceedings,"Xu, Ziqiang and Salehi Shahraki, Ahmad and Rudolph, Carsten",Blockchain Applications in Smart Grid,2022,,Proceedings of the 2022 Australasian Computer Science Week,Association for Computing Machinery,,,37–45,10.1145/3511616.3513097,https://doi.org/10.1145/3511616.3513097,"Trust, Smart Grid, Security, Privacy, Blockchain","With the fast growth of the internet industry, particularly information technology, the smart grid concept has been developed. The smart grid is an attempt to enhance and rejuvenate the secondary sector (the traditional power sector). In the contemporary context, the goal of constructing smart grids is to create a fair and healthy competitive energy market environment. Simultaneously, doing so can help to safeguard the environment and achieve carbon neutrality. With the advent of blockchain, new ideas for smart grid solutions have been developed and implemented. From the standpoint of blockchain types, this article details the aims and contributions made by state of the art technologies, particularly in the field of security. Further, we summarize the shortcomings of existing technologies and the relatively understudied security topics. Then we propose recommendations and describe what the future smart grid should achieve in terms of security.","New York, NY, USA",,9781450396066,,,"Brisbane, Australia",,9,ACSW '22
10.1145/3494106.3528673,inproceedings,"Mullen, Tony and Finn, P. D.",Towards an Evaluation Metric for Carbon-Emitting Energy Provenance of Bitcoin Transactions,2022,,Proceedings of the Fourth ACM International Symposium on Blockchain and Secure Critical Infrastructure,Association for Computing Machinery,,,11–21,10.1145/3494106.3528673,https://doi.org/10.1145/3494106.3528673,"mining, energy provenance, coinbase, carbon offset, carbon emission, blockchain, bitcoin","We present an approach to evaluating the carbon-emitting energy provenance of Bitcoin transactions and transaction outputs. Our approach incorporates published global energy production data and existing state-of-the-art estimates of Bitcoin energy consumption into a scoring algorithm for individual mined blocks. We then present two proposals for deriving scores for transactions based on the coinbase origins of the Bitcoin currency values of the transactions' inputs. The first proposal is comparatively simple, and weights coinbase origin contributions to a transaction based on recency in transaction hops from its origin block. The second proposal adjusts the weights of coinbase contributions at each intermediary transaction based on the input and output values of those transactions. Using these methods we are able to associate individual transactions and unspent transaction outputs with specific quantities of atmospheric carbon. Finally, we offer an outline of an incentivization strategy in the form of a blockchain-based carbon-offsetting oracle that would track the creation and exchange of offsets based on the metrics proposed.","New York, NY, USA",,9781450391757,,,"Nagasaki, Japan",,11,BSCI '22
10.1145/3466892,article,"Li, Jiayi and Wang, Yingfei",An Interview with Owen McCall from TREECYCLE,2021,XRDS,,Association for Computing Machinery,27,4,42–45,10.1145/3466892,https://doi.org/10.1145/3466892,,"Is cryptocurrency necessarily energy-consuming? Can we use blockchain to facilitate sustainable development? This interview presents insights into an investment project rooted in sustainability, bridging finance and ecology.","New York, NY, USA",,,1528-4972,Summer 2021,,June,4,
10.1145/3448016.3457285,inproceedings,"Huang, Yuming and Tang, Jing and Cong, Qianhao and Lim, Andrew and Xu, Jianliang",Do the Rich Get Richer? Fairness Analysis for Blockchain Incentives,2021,,Proceedings of the 2021 International Conference on Management of Data,Association for Computing Machinery,,,790–803,10.1145/3448016.3457285,https://doi.org/10.1145/3448016.3457285,"incentive, fairness, blockchain, PoW, PoS","Proof-of-Work (PoW) is the most widely adopted incentive model in current blockchain systems, which unfortunately is energy inefficient. Proof-of-Stake (PoS) is then proposed to tackle the energy issue. The rich-get-richer concern of PoS has been heavily debated in the blockchain community. The debate is centered around the argument that whether rich miners possessing more stakes will obtain higher staking rewards and further increase their potential income in the future. In this paper, we define two types of fairness, i.e., expectational fairness and robust fairness, that are useful for answering this question. In particular, expectational fairness illustrates that the expected income of a miner is proportional to her initial investment, indicating that the expected return on investment is a constant. To better capture the uncertainty of mining outcomes, robust fairness is proposed to characterize whether the return on investment concentrates to a constant with high probability as time evolves. Our analysis shows that the classical PoW mechanism can always preserve both types of fairness as long as the mining game runs for a sufficiently long time. Furthermore, we observe that current PoS blockchains implement various incentive models and discuss three representatives, namely ML-PoS, SL-PoS and C-PoS. We find that (i) ML-PoS (e.g., Qtum and Blackcoin) preserves expectational fairness but may not achieve robust fairness, (ii) SL-PoS (e.g., NXT) does not protect any type of fairness, and (iii) C-PoS (e.g., Ethereum 2.0) outperforms ML-PoS in terms of robust fairness while still maintaining expectational fairness. Finally, massive experiments on real blockchain systems and extensive numerical simulations are performed to validate our analysis.","New York, NY, USA",,9781450383431,,,"Virtual Event, China",,14,SIGMOD '21
10.1145/3427097,article,"Clavin, James and Duan, Sisi and Zhang, Haibin and Janeja, Vandana P. and Joshi, Karuna P. and Yesha, Yelena and Erickson, Lucy C. and Li, Justin D.",Blockchains for Government: Use Cases and Challenges,2020,Digit. Gov.: Res. Pract.,,Association for Computing Machinery,1,3,,10.1145/3427097,https://doi.org/10.1145/3427097,"security, e-health, e-government, critical infrastructure security, applications, Blockchains","Blockchain is the technology used by developers of cryptocurrencies, like Bitcoin, to enable exchange of financial “coins” between participants in the absence of a trusted third party to ensure the transaction, such as is typically done by governments. Blockchain has evolved to become a generic approach to store and process data in a highly decentralized and secure way. In this article, we review blockchain concepts and use cases, and discuss the challenges in using them from a governmental viewpoint. We begin with reviewing the categories of blockchains, the underlying mechanisms, and why blockchains can achieve their security goals. We then review existing known governmental use cases by regions. To show both technical and deployment details of blockchain adoption, we study a few representative use cases in the domains of healthcare and energy infrastructures. Finally, the review of both technical details and use cases helps us summarize the adoption and technical challenges of blockchains.","New York, NY, USA",22,,,July 2020,,November,21,
10.1145/3465480.3466927,inproceedings,"Painter, Zachary and Cook, Victor and Peterson, Christina and Dechev, Damian",Descriptor based consensus for blockchain transactions,2021,,Proceedings of the 15th ACM International Conference on Distributed and Event-Based Systems,Association for Computing Machinery,,,114–125,10.1145/3465480.3466927,https://doi.org/10.1145/3465480.3466927,"transaction, descriptor object, consensus mechanism, blockchain","Blockchain networks use consensus mechanisms so participants can exchange transactions without the need to rely on a trusted third party. Consensus mechanisms using Proof of Work burn significant energy to select a block miner and the delay limits performance. Other consensus mechanisms such as Proof of Stake or Practical Byzantine Fault Tolerance still designate a single validator to append a block to the chain, preventing blocks from being built and published in parallel. In this paper we introduce a new consensus mechanism, Proof of Descriptor, enabling clients to work together to publish blockchain transactions using a descriptor object which stores information on the cooperative parallel execution of transactions. Proof of Descriptor consensus allows commutative transactions to be mined individually. It does not require a leader to propose the next block, enabling clients to cooperate on completing transactions, assembling blocks and publishing them. We demonstrate that our approach is less prone to attack since it is not vulnerable to a malicious leader, while simulations show a potential 20x improvement over the fastest sequential blockchain, Solana.","New York, NY, USA",,9781450385558,,,"Virtual Event, Italy",,12,DEBS '21
10.1145/3573895,article,"Silva, Paulo and Matos, Miguel and Barreto, Jo{\~a}o",NimbleChain: Speeding up Cryptocurrencies in General-purpose Permissionless Blockchains,2023,Distrib. Ledger Technol.,,Association for Computing Machinery,2,1,,10.1145/3573895,https://doi.org/10.1145/3573895,"Distributed systems, permissionless blockchains, cryptocurrencies, smart contracts, hybrid consistency","Nakamoto’s seminal work gave rise to permissionless blockchains, as well as a wide range of proposals to mitigate their performance shortcomings. Despite substantial throughput and energy efficiency achievements, most proposals only bring modest (or marginal) gains in transaction commit latency. Consequently, commit latencies in today’s permissionless blockchain landscape remain prohibitively high.This article proposes NimbleChain, a novel algorithm that extends permissionless blockchains based on Nakamoto consensus with a fast path that delivers causal promises of commitment or simply promises. Since promises only partially order transactions, their latency is only a small fraction of the totally ordered commitment latency of Nakamoto consensus. Still, the weak consistency guarantees of promises are strong enough to correctly implement cryptocurrencies. To the best of our knowledge, NimbleChain is the first system to bring together fast, partially ordered transactions with consensus-based, totally ordered transactions in a permissionless setting. This hybrid consistency model is able to speed up cryptocurrency transactions while still supporting smart contracts, which typically have (strong) sequential consistency needs.We implement NimbleChain as an extension of Ethereum and evaluate it in a 500-node geo-distributed deployment. The results show NimbleChain can promise a cryptocurrency transactions up to an order of magnitude faster than a vanilla Ethereum implementation, with marginal overheads.","New York, NY, USA",8,,,March 2023,,March,28,
10.1145/3448734.3450799,inproceedings,"Gao, Xianzhou and Huang, Xiuli and Zhang, Wei and Yang, Ruxia",A Novel CP-ABE Based Sidechain Protocol for Distributed Power System Data Storage Management with the Blockchain,2021,,The 2nd International Conference on Computing and Data Science,Association for Computing Machinery,,,,10.1145/3448734.3450799,https://doi.org/10.1145/3448734.3450799,"sidechain protocol, data storage management, blockchain, CP-ABE","Due to technical bottlenecks such as systems vulnerable to attacks and data are easily tampered with, and it is difficult for the distributed power system data storage management to achieve multi-agent integration and development. Known as the ""trust machine,"" the Blockchain has an essential role in promoting the energy Internet construction with its distributed storage, tamper-proof, traceable, and multi-node sharing technical characteristics. Its technical advantages have great potential application value in the power industry. Most of the existing blockchain schemes directly combine the CP-ABE algorithm with the Blockchain. However, due to the lack of permission inheritance, these schemes have permission to redundancy and waste computing resources. In this paper, a new user-controlled on-chain permission management scheme is proposed. The original CP-ABE model is extended in this scheme, and the concept of role assignment and attribute tree is proposed. The attribute tree uses the multi-tree structure to realize the attribute set's specification description. The connectivity between roles in the attribute tree represents the inheritance relationship of permission so that the permission inheritance and permission granting can be realized. In this paper, a sidechain prototype system is developed for evaluating the scheme, and its performance is tested and analyzed. The experimental results show that the prototype system can realize the user-controlled permission assignment and permission inheritance function of data owner on the Blockchain.","New York, NY, USA",69,9781450389570,,,"Stanford, CA, USA",,8,CONF-CDS 2021
10.1145/3433542,article,"Tan, Liang and Shi, Na and Yu, Keping and Aloqaily, Moayad and Jararweh, Yaser",A Blockchain-empowered Access Control Framework for Smart Devices in Green Internet of Things,2021,ACM Trans. Internet Technol.,,Association for Computing Machinery,21,3,,10.1145/3433542,https://doi.org/10.1145/3433542,"application fragmentation, blockchain, decentralized identifier, access control, Green Internet of Things","Green Internet of things (GIoT) generally refers to a new generation of Internet of things design concept. It can save energy and reduce emissions, reduce environmental pollution, waste of resources, and harm to human body and environment, in which green smart device (GSD) is a basic unit of GIoT for saving energy. With the access of a large number of heterogeneous bottom-layer GSDs in GIoT, user access and control of GSDs have become more and more complicated. Since there is no unified GSD management system, users need to operate different GIoT applications and access different GIoT cloud platforms when accessing and controlling these heterogeneous GSDs. This fragmented GSD management model not only increases the complexity of user access and control for heterogeneous GSDs, but also reduces the scalability of GSDs applications. To address this issue, this article presents a blockchain-empowered general GSD access control framework, which provides users with a unified GSD management platform. First, based on the World Wide Web Consortium (W3C) decentralized identifiers (DIDs) standard, users and GSD are issued visual identity (VID). Then, we extended the GSD-DIDs protocol to authenticate devices and users. Finally, based on the characteristics of decentralization and non-tampering of blockchain, a unified access control system for GSD was designed, including the registration, granting, and revoking of access rights. We implement and test on the Raspberry Pi device and the FISCO-BCOS alliance chain. The experimental results prove that the framework provides a unified and feasible way for users to achieve decentralized, lightweight, and fine-grained access control of GSDs. The solution reduces the complexity of accessing and controlling GSDs, enhances the scalability of GSD applications, as well as guarantees the credibility and immutability of permission data and identity data during access.","New York, NY, USA",80,,1533-5399,August 2021,,June,20,
10.1109/ICSE-SEIS.2019.00011,inproceedings,"Craggs, Barnaby and Rashid, Awais",Trust beyond computation alone: human aspects of trust in blockchain technologies,2019,,Proceedings of the 41st International Conference on Software Engineering: Software Engineering in Society,IEEE Press,,,21–30,10.1109/ICSE-SEIS.2019.00011,https://doi.org/10.1109/ICSE-SEIS.2019.00011,"trust, guidelines, blockchain, bitcoin","Blockchains - with their inherent properties of transaction transparency, distributed consensus, immutability and cryptographic verifiability - are increasingly seen as a means to underpin innovative products and services in a range of sectors from finance through to energy and healthcare. Discussions, too often, make assertions that the trustless nature of blockchain technologies enables and actively promotes their suitability---there being no need to trust third parties or centralised control. Yet humans need to be able to trust systems, and others with whom the system enables transactions. In this paper, we highlight that understanding this need for trust is critical for the development of blockchain-based systems.Through an online study with 125 users of the most well-known of blockchain based systems - the cryptocurrency Bitcoin - we uncover that human and institutional aspects of trust are pervasive. Our analysis highlights that, when designing future blockchain-based technologies, we ought to not only consider computational trust but also the wider eco-system, how trust plays a part in users engaging/disengaging with such eco-systems and where design choices impact upon trust. From this, we distill a set of guidelines for software engineers developing blockchain-based systems for societal applications.",,,,,,"Montreal, Quebec, Canada",,10,ICSE-SEIS '19
10.1145/3313831.3376660,inproceedings,"Cila, Nazli and Ferri, Gabriele and de Waal, Martijn and Gloerich, Inte and Karpinski, Tara",The Blockchain and the Commons: Dilemmas in the Design of Local Platforms,2020,,Proceedings of the 2020 CHI Conference on Human Factors in Computing Systems,Association for Computing Machinery,,,1–14,10.1145/3313831.3376660,https://doi.org/10.1145/3313831.3376660,"blockchain, commons, design dilemmas, energy community, governance, platformization","This paper addresses the design dilemmas that arise when distributed ledger technologies (DLT) are to be applied in the governance of artificial material commons. DLTs, such as blockchain, are often presented as enabling technologies for self-governing communities, provided by their consensus mechanisms, transparent administration, and incentives for collaboration and cooperation. Yet, these affordances may also undermine public values such as privacy and displace human agency in governance procedures. In this paper, the conflicts regarding the governance of communities which collectively manage and produce a commons are discussed through the case of a fictional energy community. Three mechanisms are identified in this process: tracking use of and contributions to the commons; managing resources, and negotiating the underlying rule sets and user rights. Our effort is aimed at contributing to the HCI community by introducing a framework of three mechanisms and six design dilemmas that can aid in balancing conflicting values in the design of local platforms for commons-based resource management.","New York, NY, USA",,9781450367080,,,"Honolulu, HI, USA",,14,CHI '20
10.1145/3309772.3309806,inproceedings,"Loizou, Constantinos and Karastoyanova, Dimka and Schizas, Christos N.",Measuring the impact of blockchain on healthcare applications,2019,,Proceedings of the 2nd International Conference on Applications of Intelligent Systems,Association for Computing Machinery,,,,10.1145/3309772.3309806,https://doi.org/10.1145/3309772.3309806,"security, healthcare, blockchain, application specification","Blockchain is a technology with potential for making ground breaking steps in addressing social, economic and healthcare challenges. The global information technology scene is being overcrowded with blockchain applications with special focus on the vast healthcare market [12]. The value of information related to healthcare creates a clear path for applying blockchain as a solution for some of the challenges in the healthcare sector, in particular with the goal of creating a fair and transparent way for sharing information and patient data. It is however a fact that while blockchain technology introduces additional complexity to the implementation healthcare software, the benefit the technology actually brings still remains unclear and difficult to evaluate. This vision paper demonstrates our research focus on providing a body of knowledge and tools to help evaluate this impact of blockchain on eHealth applications. In particular, we identify that such a research effort has to explicitly consider cost of addressing challenges inherent to the eHealth domain like integration of disparate software systems (hospitals, research institutions, government agencies, health insurance and pharmaceutical companies, etc.), the potential introduction of cryptocurrencies in healthcare systems, degree of patient service improvement, transparency and compliance to laws and regulations, and others. The more traditional influencing factors, like cost of development and running, licenses for using third-party software services, and the ones inherent to blockchain like cost of computation and energy will also have to be taken into consideration in the metrics model.","New York, NY, USA",34,9781450360852,,,"Las Palmas de Gran Canaria, Spain",,5,APPIS '19
10.1145/3366611.3368143,inproceedings,"Jannes, Kristof and Lagaisse, Bert and Joosen, Wouter",You Don't Need a Ledger: Lightweight Decentralized Consensus Between Mobile Web Clients,2019,,Proceedings of the 3rd Workshop on Scalable and Resilient Infrastructures for Distributed Ledgers,Association for Computing Machinery,,,3–8,10.1145/3366611.3368143,https://doi.org/10.1145/3366611.3368143,"peer-to-peer, lightweight consensus, decentralized web applications, Byzantine fault tolerance","Centralized systems relying on a trusted third party are being replaced by decentralized systems using proof-of-work blockchains to reach consensus between multiple mistrusting parties. Due to the high energy usage of such systems, many solutions using a Byzantine fault-tolerant algorithm to reach consensus have emerged. While those systems solve the energy and safety concerns of proof-of-work blockchains, they still require a peer to store the full ledger and need a complex backend infrastructure to get started.This paper presents a lightweight middleware running in the browser, designed for small businesses and end-users unable to set up a complex private blockchain business network. The middleware for consensus runs entirely in the browser, with only a small server-side component used for the peer-to-peer discovery. We achieve fast confirmation times while guaranteeing safety and liveness for honest users. We also do not maintain a ledger, reducing the overall storage footprint.","New York, NY, USA",,9781450370295,,,"Davis, CA, USA",,6,SERIAL '19
10.1145/3460537.3460541,inproceedings,"Liu, Shu and Shang, Yanlei",Secure Resource Sharing on Hyperledger Fabric based on CP-ABE,2021,,Proceedings of the 2021 3rd International Conference on Blockchain Technology,Association for Computing Machinery,,,203–209,10.1145/3460537.3460541,https://doi.org/10.1145/3460537.3460541,"Hyperledger Fabric, access control, resource sharing, separation of resources and services","Nowadays, Web services are becoming more and more common in people's lives. However, resources and services are coupled on the Web. That's to say, users have to expose their data to service providers in order to trade for Web services. Consequently, users lose control to their personal data, and undertake the hazard of data abuse and privacy leakage. Distributed resource sharing systems are dedicated to solving this problem, which typically face huge challenges in terms of access control mechanisms and data availability. Blockchain-based methods provide an effective solution, but mining consumes large computing power overhead and the accomplishment of access control mechanism is incomplete. In view of the above-mentioned challenges encountered in distributed resource sharing systems, we design a secure resource sharing architecture based on Hyperledger Fabric, and established a dedicated network and consensus mechanism to avoid unnecessary energy costs. We developed a fine-grained access control implementation plan for both acquisition and modification operations to flexibly realize the users’ unconditional control over personal data. We implemented a software prototype to verify the effectiveness of the proposed architecture.","New York, NY, USA",,9781450389624,,,"Shanghai, China",,7,ICBCT '21
10.1145/3359982,article,"Zhu, Qingyi and Loke, Seng W. and Trujillo-Rasua, Rolando and Jiang, Frank and Xiang, Yong",Applications of Distributed Ledger Technologies to the Internet of Things: A Survey,2019,ACM Comput. Surv.,,Association for Computing Machinery,52,6,,10.1145/3359982,https://doi.org/10.1145/3359982,"blockchain, Internet of things, Distributed ledger technologies","Distributed Ledger Technologies (DLTs) and blockchain systems have received enormous academic, government, and commercial interest in recent years. This article surveys the integration of DLTs within another life-changing technology, the Internet of Things (IoT). IoT-based applications, such as smart home, smart transport, supply chain, smart healthcare, and smart energy, promise to boost the efficiency of existing infrastructures and change every facet of our daily life. This article looks into the challenges faced by such applications and reviews a comprehensive selection of existing DLT solutions to those challenges. We also identify issues for future research, including DLT security and scalability, multi-DLT applications, and survival of DLT in the post-quantum world.","New York, NY, USA",120,,0360-0300,November 2020,,November,34,
10.1145/3558535.3559792,inproceedings,"Xiao, Yunming and Markovich, Sarit and Kuzmanovic, Aleksandar",Blockchain Mining: Optimal Resource Allocation,2023,,Proceedings of the 4th ACM Conference on Advances in Financial Technologies,Association for Computing Machinery,,,294–307,10.1145/3558535.3559792,https://doi.org/10.1145/3558535.3559792,,"Having enabled numerous applications, blockchains have attracted not only much attention, in the past decade, but also huge amount of resources: talent, capital, energy, etc. Focusing on the mining side of the market, in this paper, we aim at understanding how to efficiently use the resources mining and staking pools attract. We start with developing predictions about factors that increase the efficient allocation of pools' resources. We then test our predictions based on a general model for optimal resource allocation that we develop, as well as data we collected on pools' actual resource allocations. We find that pools can increase resource efficiency by mining for more blockchains as well as by increasing the frequency of resource re-allocation. Further, we enroll to mining pools as a miner to understand and comment on how pools can encourage their miners to increase the efficiency of their allocation. While our empirical investigation mostly focuses on the BTC family, we show that our theory and results are general and applicable to the Ethereum family as well as other proof-of-work (PoW) and proof-of-stake (PoS) chains.","New York, NY, USA",,9781450398619,,,"Cambridge, MA, USA",,14,AFT '22
