Document Title,Authors,Author Affiliations,Publication Title,Date Added To Xplore,Publication Year,Volume,Issue,Start Page,End Page,Abstract,ISSN,ISBNs,DOI,Funding Information,PDF Link,Author Keywords,IEEE Terms,Mesh_Terms,Article Citation Count,Patent Citation Count,Reference Count,License,Online Date,Issue Date,Meeting Date,Publisher,Document Identifier
ZipZap: A Blockchain Solution for Local Energy Trading,M. F. Munoz; K. Zhang; F. Amara,"École de Technologie supérieure, Montréal (Canada), Montreal, Quebec; École de Technologie supérieure, Montréal (Canada), Montreal, Quebec; Hydro-Québec IREQ, Shawanigan, Canada",2022 IEEE International Conference on Blockchain and Cryptocurrency (ICBC),29-Jun-22,2022,,,1,5,"In the last few years, electric utility companies have increasingly invested into transactive energy systems. This trend was primarily caused by the integration of distributed energy resources (DERs) and internet-of-things (IoT) devices into their existing distribution networks. Influenced by the general interest in blockchain technologies, many industry specialists are considering new, more efficient peer-to-peer market structures for DERs. In this paper, we explore the trade-off between cost and traceability in the form of on-chain and off-chain solutions. We also propose ZipZap, a first step towards a blockchain-based local smart grid system. ZipZap is an ERC-1155 compliant solution with four different prototypes: Heavyweight, Featherweight, Lightweight and Weightless. Our evaluation uses realistic parameters and measures the impact of different types of metadata storage scopes, with some Ethereum prototypes showcasing gas cost reductions of more than 97% in comparison to our fully on-chain baseline.",,978-1-6654-9538-7,10.1109/ICBC54727.2022.9805486,,https://ieeexplore.ieee.org/stamp/stamp.jsp?arnumber=9805486,Blockchain;Smart Contract;Energy Tokenization;Smart Grid;Transactive Energy,Transactive energy;Costs;Prototypes;Tokenization;Power industry;Blockchains;Smart grids,,13,,12,IEEE,29-Jun-22,2-5 May 2022,2-5 May 2022,IEEE,IEEE Conferences
Leveraging AI Algorithms for Automated Bidding in Electricity Markets: A Solar-Storage Hybrid Approach With Blockchain-Based Energy Tokenization,A. J. Jimenez; E. J. Becil; M. E. Alebicto; R. G. Salgado; R. Gomez,"R&D, Ayesa, Seville, Spain; Innovation, Deblock, London, UK; CTO, Deblock, London, UK; R & D, Ayesa, LIS-US, Seville, Spain; SDM, REE, Madrid, Spain",2025 IEEE Electrical Insulation Conference (EIC),22-Aug-25,2025,,,1,3,"This paper presents a novel framework that integrates artificial intelligence (AI) algorithms with blockchainbased energy tokenization to optimize bidding strategies in electricity markets. Focusing on solar photovoltaic (PV) systems coupled with battery energy storage systems (BESS), the framework autonomously generates competitive bids using realtime market data, weather forecasts, and system performance metrics, without compromising battery lifecycle and avoiding overheating. In addition, energy tokens and crypto wallets are incorporated as secure, decentralized mechanisms for peer-topeer energy trading. Simulation studies conducted in a virtual market environment demonstrate that the proposed approach enhances revenue, improves resource utilization, and mitigates risk in markets with high renewable energy penetration. This integrated strategy promises to transform energy trading by enabling more efficient, transparent, and decentralized market participation.",2993-3684,979-8-3315-2608-5,10.1109/EIC63069.2025.11123269,,https://ieeexplore.ieee.org/stamp/stamp.jsp?arnumber=11123269,Artificial Intelligence;Electricity Markets;SolarStorage Systems;Automated Bidding;Blockchain;Energy Tokens;Crypto Wallets;Decentralized Energy,Renewable energy sources;Wind;Heuristic algorithms;Weather forecasting;Transforms;Electricity supply industry;Tokenization;Blockchains;Resource management;Artificial intelligence,,,,25,IEEE,22-Aug-25,8-11 June 2025,8-11 June 2025,IEEE,IEEE Conferences
Carboncoin: Blockchain Tokenization of Carbon Emissions with ESG-based Reputation,O. Golding; G. Yu; Q. Lu; X. Xu,"CSE, UNSW University of New South Wales, Sydney, Australia; CSIRO Data61, Sydney, Australia; CSIRO Data61 CSE, UNSW, Sydney, Australia; CSIRO Data61 CSE, UNSW, Sydney, Australia",2022 IEEE International Conference on Blockchain and Cryptocurrency (ICBC),29-Jun-22,2022,,,1,5,"Recent blockchain-based carbon markets focus on permit-based trading requiring manual application processes to grant the right for carbon emission. A decentralized blockchain-based carbon market without relying on off-chain permits is yet to be explored. In this paper, we present a new design of blockchain-based carbon trading through the introduction of Carboncoin – a blockchain asset which tokenizes the right of energy producers to emit carbon. Instead of relying on off-chain and centralized permits, producers are allowed to freely exchange Carboncoin with each other for fiat currency. By using an on-chain asset, carbon production can be automatically expensed whenever a producer records new energy production which is certified on the blockchain. Moreover, the proposed design enables generic ESG (Environmental, Social and Governance) data to be used to provide a more holistic reputation score inclusive of ESG initiatives undertaken by market participants. We conclude that entirely blockchain-based carbon markets can be made more comprehensive using ESG data and on-chain assets, but at the cost of reduced performance.",,978-1-6654-9538-7,10.1109/ICBC54727.2022.9805516,,https://ieeexplore.ieee.org/stamp/stamp.jsp?arnumber=9805516,blockchain;tokenization;carbon emission,Costs;Conferences;Carbon dioxide;Production;Manuals;Tokenization;Blockchains,,19,,7,IEEE,29-Jun-22,2-5 May 2022,2-5 May 2022,IEEE,IEEE Conferences
Demo: Blockchain-based Architecture for Renewable Energy Certificates,J. Sousa; V. Duarte; D. R. Pinto; M. Pinto; F. Taniguchi; I. Á. Vila; A. Parreira; P. Gardim; R. Soprano; F. Jordão; V. Petito; S. Marion,Centro de Pesquisa e Desenvolvimento em Telecomunicac¸ ˜oes (CPQD); Centro de Pesquisa e Desenvolvimento em Telecomunicac¸ ˜oes (CPQD); Centro de Pesquisa e Desenvolvimento em Telecomunicac¸ ˜oes (CPQD); Centro de Pesquisa e Desenvolvimento em Telecomunicac¸ ˜oes (CPQD); Centro de Pesquisa e Desenvolvimento em Telecomunicac¸ ˜oes (CPQD); Centro de Pesquisa e Desenvolvimento em Telecomunicac¸ ˜oes (CPQD); Centro de Pesquisa e Desenvolvimento em Telecomunicac¸ ˜oes (CPQD); Centro de Pesquisa e Desenvolvimento em Telecomunicac¸ ˜oes (CPQD); Centro de Pesquisa e Desenvolvimento em Telecomunicac¸ ˜oes (CPQD); Centro de Pesquisa e Desenvolvimento em Telecomunicac¸ ˜oes (CPQD); Centro de Pesquisa e Desenvolvimento em Telecomunicac¸ ˜oes (CPQD); Centro de Pesquisa e Desenvolvimento em Telecomunicac¸ ˜oes (CPQD),2025 7th Conference on Blockchain Research & Applications for Innovative Networks and Services (BRAINS),24-Dec-25,2025,,,1,3,"This paper presents a blockchain-based architecture for tokenizing I-RECs, ensuring transparency, security, and lifecycle automation. Smart contracts prevent fraud and double trading, while integration with platforms like TOTUM guarantees authenticity. A proof of concept validates the solution's traceability and scalability.",2835-3021,979-8-3315-5982-3,10.1109/BRAINS67003.2025.11302908,,https://ieeexplore.ieee.org/stamp/stamp.jsp?arnumber=11302908,Blockchain;Tokenization;I-REC;Smart Contracts;Renewable Energy,Bridges;Automation;Scalability;Smart contracts;Tokenization;Fraud;Blockchains;Security,,,,6,IEEE,24-Dec-25,18-21 Nov. 2025,18-21 Nov. 2025,IEEE,IEEE Conferences
Blockchain for Decentralized Energy Routing in Eenergy Internet (EI),M. Gudhe; I. Siddavatam; A. Dalvi; S. Jadhav,"Information Technology, K.J. Somaiya School of Engineering, Mumbai, India; Information Technology, K.J. Somaiya School of Engineering, Mumbai, India; Information Technology, K.J. Somaiya School of Engineering, Mumbai, India; Information Technology, K.J. Somaiya School of Engineering, Mumbai, India","2025 9th International Conference on Computing, Communication, Control and Automation (ICCCBEA)",15-Dec-25,2025,,,1,5,"Energy routing protocols are critical to the operation of the Energy Internet (EI), a decentralized and dynamic infrastructure designed to manage real-time power distribution between distributed energy resources (DERs) and consumers. These protocols must address key challenges, including subscriber matching (SM), energy-efficient path (EEP) selection, and real-time transmission scheduling (TS) in a demand-driven environment. Additionally, irreversible energy losses, congestion, and variable DER availability increase the complexity of routing decisions. This paper reviews core design considerations for energy routing in the EI and introduces blockchain as a transformative enabler for secure, transparent, and autonomous peer-to-peer (P2P) energy trading. Blockchain technology provides decentralized control, tamper-proof transaction records, and smart contract automation, improving trust, traceability, and real-time responsiveness. The proposed approach enhances energy security, transaction integrity, and interoperability in future decentralized smart grid networks.",2771-1358,979-8-3315-4903-9,10.1109/ICCUBEA65967.2025.11283705,,https://ieeexplore.ieee.org/stamp/stamp.jsp?arnumber=11283705,Energy Internet (EI);Blockchain;Energy Routing Protocols;Subscriber Matching (SM);Energy-Efficient Path (EEP);Transmission Scheduling (TS);Dynamic Routing;Peer-to-Peer (P2P) Energy Trading;Distributed Energy Resources (DERs);Power Transmission Loss;Demand-Driven Energy System;Smart Contracts;Energy Tokenization;Decentralized Energy Systems;Secure Energy Exchange;Congestion Management,Smart contracts;Energy Internet;Routing;Dynamic scheduling;Real-time systems;Energy efficiency;Routing protocols;Blockchains;Peer-to-peer computing;Distributed power generation,,,,18,IEEE,15-Dec-25,22-23 Aug. 2025,22-23 Aug. 2025,IEEE,IEEE Conferences
A Decentralized Blockchain-Based Model for Managing Consumption and Promoting the Deployment of Electric Vehicle Charging Stations,M. Ghorbi; A. Mansouri,"Mechanical Engineering Department, Faculty of Engineering, University of Isfahan, Isfahan, Iran; Renewable Energy Engineering Department, Faculty of Mechanical and Energy Engineering, Shahid Beheshti University, Tehran, Iran",2025 15th Smart Grid Conference (SGC),09-Feb-26,2025,,,1,5,"With the rapid growth of electric vehicles (EVs), the need to develop their charging infrastructure has become one of the major challenges. The shortage of charging stations and inefficient energy distribution are key obstacles limiting the widespread adoption of these vehicles. In this research, a decentralized blockchain-based model is proposed to manage energy consumption and promote the establishment of EV charging stations. The key innovation of this research lies in introducing a blockchain-based energy tokenization mechanism that not only decentralizes and enhances the transparency of energy exchange, but also accelerates the development of EV charging infrastructure by creating new economic incentives. This model uses a dedicated digital token to manage energy exchange between producers (charging station owners) and consumers (EV owners). Producers receive tokens for supplying energy through renewable sources, such as photovoltaic panels and energy storage in batteries or electrolysis-hydrogen systems. Consumers can purchase these tokens to charge their vehicles or store them for future exchange. This distributed and transparent network functions similarly to fuel cards used for gasoline vehicles and enhances the economic incentives for investing in charging infrastructure. Additionally, the use of smart contracts and a distributed public key infrastructure ensures transaction security and eliminates the need for intermediaries. The results demonstrate that this model not only contributes to the sustainable development of EV charging networks and the reduction of air pollution but is also economically advantageous for both investors and consumers.",2572-6927,979-8-3315-8119-0,10.1109/SGC69320.2025.11372349,,https://ieeexplore.ieee.org/stamp/stamp.jsp?arnumber=11372349,Blockchain;Smart Contract;Electric Vehicles;Peer-to-Peer Trading,Energy consumption;Renewable energy sources;Atmospheric modeling;Energy exchange;Smart contracts;Transportation;Charging stations;Electric vehicle charging;Tokenization;Blockchains,,,,15,IEEE,09-Feb-26,2-3 Dec. 2025,2-3 Dec. 2025,IEEE,IEEE Conferences
On Real-World-Asset Tokenization in Energy Storage Markets: Strategic Interactions Between Investors and Operators,Y. Lyu; T. Mo; X. Zhuang; W. Sun; L. Zeng; M. Ma,"Department of Data and Systems Engineering, The University of Hong Kong, Hong Kong SAR, China; Centre of Advanced Power and Autonomous Systems, Hong Kong Productivity Council, Hong Kong SAR, China; Centre of Advanced Power and Autonomous Systems, Hong Kong Productivity Council, Hong Kong SAR, China; Centre of Advanced Power and Autonomous Systems, Hong Kong Productivity Council, Hong Kong SAR, China; Centre of Advanced Power and Autonomous Systems, Hong Kong Productivity Council, Hong Kong SAR, China; Centre of Advanced Power and Autonomous Systems, Hong Kong Productivity Council, Hong Kong SAR, China","2026 16th International Conference on Power, Energy, and Electrical Engineering (CPEEE)",22-May-26,2026,,,555,564,"This study adopts a game-theoretical approach to investigate the impact of blockchain-enabled real-world asset (RWA) tokenization on the financing and operation of energy storage systems (ESSs). A bi-level Stackelberg-Nash game is formulated to capture the strategic interactions among the energy storage system developer, renewable energy generators, and offtakers (corporate energy buyers). A two-stage tokenization framework is proposed, where the developer issues pre-operation tokens to renewable generators in Stage 1 to raise construction capital, and operation-stage tokens to corporate offtakers in Stage 2 to enable the purchase of stored renewable electricity. The developer, acting as the Stackelberg leader, optimizes project scale, token prices, and profit-sharing ratio to maximize profit, while renewable generators and offtakers act as followers making decentralized token investment and purchase decisions under heterogeneous risk preferences and budget constraints. Analytical derivations reveal how token price, project capacity, and profitsharing schemes jointly shape investment participation, operational efficiency, and market integration. The elasticity-based analysis highlights the trade-offs between early-stage fundraising efficiency and long-term operational performance. The analytical results provide managerial insights into how tokenization may promote sustainable financing of large-scale energy storage projects within the renewable energy sector.",,979-8-3315-6119-2,10.1109/CPEEE69412.2026.11521270,,https://ieeexplore.ieee.org/stamp/stamp.jsp?arnumber=11521270,blockchain;tokenization;energy storage system;renewable energy;real-world asset;game theory;power purchase agreement,Energy;Energy storage;Generators;Renewable energy sources;Pricing;Renewable energy;Modeling;Investment;Games;Tokenization,,,,17,IEEE,22-May-26,6-8 March 2026,6-8 March 2026,IEEE,IEEE Conferences
Combined kiloWatt And negaWatt Trading with Blockchain,M. P; P. A. Salam,"Department of Energy, Environment and Climate change, Asian Institute of Technology, Bangkok, Thailand; Department of Energy, Environment and Climate change, Asian Institute of Technology, Bangkok, Thailand",2023 Innovations in Power and Advanced Computing Technologies (i-PACT),26-Feb-24,2023,,,1,5,"Generation of renewable energy by participants in the electricity market is used for self-consumption and for local trade. Energy savings can be turned into negative watts-negawatts- and can be traded with peers as the right to purchase electricity. Combining both kilowatt and negawatt trading would enhance the local energy market by providing peers with better access to energy and economic benefits. Trust in the market could be managed effectively with the help of blockchain technology. Market transactions are recorded into immutable, transparent, and distributed ledgers, with added security provided by tokenization. In this work, a combined kiloWatt and negawatts trading is attempted in a local market with solar electricity generation, enabled by smart contract deployed on public blockchain. Smart contracts are written in Solidity language and deployed on Sepolia test network for Ethereum public blockchain.",,979-8-3503-2518-8,10.1109/i-PACT58649.2023.10434331,,https://ieeexplore.ieee.org/stamp/stamp.jsp?arnumber=10434331,Peer-to-Peer Energy trading;Negawatt;Blockchain,Technological innovation;Renewable energy sources;Smart contracts;Tokenization;Blockchains;Peer-to-peer computing;Security,,,,16,IEEE,26-Feb-24,8-10 Dec. 2023,8-10 Dec. 2023,IEEE,IEEE Conferences
AI-Driven Network Effects and Tokenization for Next-Gen Communication Networks in Energy Systems,M. Singh; D. S. Pal; P. Yadav; M. A. Ansari; V. Singh; V. Beniwal,"School of Engineering, Gautam Buddha University, Gautam Budh Nagar, India; Dept. of Information Technology, HIMT Group of Institutions, Gautam Budh Nagar, India; Dept. of Computer Applications, HIMT Group of Institutions, Gautam Budh Nagar, India; School of Engineering, Gautam Buddha University, Gautam Budh Nagar, India; Indian Institute of Management Kozhikode, Kozhikode, Kerela, India; UNSW Engineering, University of New South Wales, New South Wales, Australia","2025 International Conference on Cognitive Computing in Engineering, Communications, Sciences and Biomedical Health Informatics (IC3ECSBHI)",20-May-25,2025,,,1545,1549,"The decentralization of energy systems, driven by rapid adoption of renewable energy sources, has posed new challenges in communication, data sharing, and energy trading. Traditional grid structures rarely cope with the fast-changing dynamics of distributed generation resources (DERs), thus demanding smarter and scalable communication networks and mechanisms of synchronizing and optimizing operations. The set of technologies on AI-driven and tokenization-like approaches practically allows for the change. AI-driven networks support this by enabling real-time decision-making and predictive analytics through smart energy distribution and demand forecasting and massively automated grid optimization. Tokenization, reinforced by blockchain technologies, allows the decentralization of energy trading through transparent peer-to-peer (P2P) transactions that ease the encumbrances of the traditional utility. The paper focuses on how AI-driven networks and tokenization integrate to form the future communication networks in energy systems. It highlights their contribution to improving grid efficiency, securing grid infrastructure, diminishing operational costs, and democratizing energy markets. Additionally, it discusses technical challenges, regulatory barriers, and long-term implications while looking ahead and thinking about how these innovations can be used to reorganize energy infrastructures all over the globe and rapidly quicken the shift to decentralized sustainable energy ecosystems.",,979-8-3315-1852-3,10.1109/IC3ECSBHI63591.2025.10991132,,https://ieeexplore.ieee.org/stamp/stamp.jsp?arnumber=10991132,AI-driven network effects;tokenization;energy systems;decentralized energy grids;communication networks;P2P energy trading;blockchain;etc,Technological innovation;Renewable energy sources;Tokenization;Real-time systems;Communications technology;Peer-to-peer computing;Distributed power generation;Blockchains;Communication networks;Predictive analytics,,,,23,IEEE,20-May-25,16-18 Jan. 2025,16-18 Jan. 2025,IEEE,IEEE Conferences
Tokenizing Energy: Legal Architecture in the Age of Smart Grid Governance,Z. Gholampour; S. Esfandiari,"Department of Islamic and Private Law, School of Law and Political Science, Shiraz University, Shiraz, Iran; Department of Electrical and Computer Engineering and IT, Shiraz University, Shiraz, Iran",2025 15th Smart Grid Conference (SGC),09-Feb-26,2025,,,1,5,"The energy sector faces deep-rooted challenges, including supply-demand imbalances, uncollected receivables, unauthorized consumption, contract enforcement failures, low public participation in energy production, and a lack of transparency and trust. This paper examines the legal and regulatory foundations of energy tokenization in smart grids, where blockchain, smart contracts, and AI-driven mechanisms are transforming energy production, trading, and governance. Comparative legal analysis reveals critical gaps in digital asset classification, consumer protection, cybersecurity, data governance, and algorithmic accountability. Smart contracts provide self-enforcing transactions; moreover, AI facilitates real-time debt recovery and secure identity management. The study proposes a layered governance architecture that combines technical protocols, enforceable legal norms, regulatory sandboxes, and blockchain-based dispute-resolution systems. These innovations promote legal certainty, decentralization, and social trust, fostering transparent and equitable energy markets. The research provides policy recommendations to align energy law with the evolving dynamics of decentralized and participatory energy systems.",2572-6927,979-8-3315-8119-0,10.1109/SGC69320.2025.11372374,,https://ieeexplore.ieee.org/stamp/stamp.jsp?arnumber=11372374,Blockchain;Smart Grid;Energy Law;Regulatory;Tokenization,Technological innovation;Smart contracts;Production;Propulsion;Tokenization;Real-time systems;Consumer protection;Smart grids;Blockchains;Standards,,,,17,IEEE,09-Feb-26,2-3 Dec. 2025,2-3 Dec. 2025,IEEE,IEEE Conferences
Tokenization of Energy Assets: A Multichain Blockchain Approach,A. R; S. S; S. R,"Department of Computer Science and Engineering, Rajalakshmi Engineering College, Chennai; Department of Computer Science and Engineering, Rajalakshmi Engineering College, Chennai; Department of Computer Science and Engineering, Rajalakshmi Engineering College, Chennai",2024 5th International Conference on Mobile Computing and Sustainable Informatics (ICMCSI),11-Apr-24,2024,,,702,709,"The biggest barrier is the financial strain caused by rising electricity costs from using too much power. The security of businesses in the energy sector is threatened by this financial burden, therefore finding creative ways to get through these rough waters is imperative. Moreover, the intricacies involved in the issuance and exchange of energy certificates have intensified the need for enhanced openness and economy. Industry stakeholders are now seriously concerned about these nuances. Our project offers a methodical strategy based on multichain blockchain technology to address these enormous obstacles. invested in the future of the industry. This innovative approach focuses on tokenizing energy assets, optimizing energy management procedures, and providing industry stakeholders with a safe environment. The work on the project in stages, starting with collecting a lot of data. The carefully collect standardized data on power use, expressed in terawatt-hours (TWh), and then improve data quality to make sure the information is reliable and credible. The principal aim is to bring in an era characterized by security, efficiency, and transparency in the administration of energy resources, hence fostering growth and resilience within the energy industry. The ultimate objective is to clear the path for a future in energy asset management marked by openness, security, and efficient operations, all of which will support the growth and sustainability of the sector.",,979-8-3503-9523-5,10.1109/ICMCSI61536.2024.00110,,https://ieeexplore.ieee.org/stamp/stamp.jsp?arnumber=10493913,Blockchain Technology;Green Energy;Token Economy;Peer-to-Peer transactions,Industries;Renewable energy sources;Climate change;Green products;Government;Tokenization;Blockchains,,6,,16,IEEE,11-Apr-24,18-19 Jan. 2024,18-19 Jan. 2024,IEEE,IEEE Conferences
Tokenization of RECs Using Ethereum Blockchain,D. P. Mishra; R. Pramanik; S. R. Mallick; R. K. Lenka,"Department of Electrical Engineering, International Institute of Information Technology, Bhubaneswar, India; Department of Electrical Engineering, International Institute of Information Technology, Bhubaneswar, India; School of Technology Woxsen University, Hyderabad, India; Department of Computer Science, Central University of Odisha Koraput, Odisha, India","2024 IEEE 4th International Conference on Applied Electromagnetics, Signal Processing, & Communication (AESPC)",14-Feb-25,2024,,,1,6,"Contributing significantly to the accomplishment of renewable energy goals and the overall decrease in carbon emissions, this is crucial in verifying and recording the production of renewable energies. However, a few problems with the current REC market have to do with effectiveness, accessibility, and transparency. An in-depth evaluation of the REC tokenisation concept is presented in this article, with an emphasis on the Ethereum blockchain platform. This article examines the current system's flaws and difficulties through the lens of blockchain technology's potential usage in renewable energy certificate man- agement. Its goal is to provide a framework for comprehensive process control, tracking, and accounting of renewable energy related to transactions. This checks that the distribution is secure and leaves a trail of ownership from the donor to the receivers. It fixes the issue where the power trading centre platform doesn't have the tools to track and evaluate its renewable energy usage.",,979-8-3315-2817-1,10.1109/AESPC63931.2024.10872394,,https://ieeexplore.ieee.org/stamp/stamp.jsp?arnumber=10872394,Tokenization;Renewable Energy Certificates (RECs);Blockchain;Smart Contracts;Transparency;Sustainability,Renewable energy sources;Process control;Receivers;Production;Carbon dioxide;Tokenization;Power markets;Blockchains;Recording;Lenses,,,,30,IEEE,14-Feb-25,29-30 Nov. 2024,29-30 Nov. 2024,IEEE,IEEE Conferences
Singapore Local Energy Market Development Using Blockchain Enabled P2P Trading,L. Ali; M. I. Azim; J. Peters; S. Padmanaban; V. Bhandari; A. Menon; J. Green; S. M. Muyeen,"Powerledger, Perth, WA, Australia; Powerledger, Perth, WA, Australia; Powerledger, Perth, WA, Australia; Department of Electrical Engineering, University of South-Eastern Norway, Porsgrunn, Norway; Powerledger, Perth, WA, Australia; Powerledger, Perth, WA, Australia; Powerledger, Perth, WA, Australia; Department of Electrical Engineering, Qatar University, Doha, Qatar",2023 IEEE 14th International Conference on Power Electronics and Drive Systems (PEDS),12-Sep-23,2023,,,1,6,"The proposed system develops a peer-to-peer (P2P) energy trading-based Local Energy Market (LEM) solution which optimizes distributed energy resources (DERs). The blockchain-based trading platform allows secure and transparent P2P energy trading in a grid-connected power network. In the P2P network, a participant with a surplus of renewable energy (such as solar photovoltaic (PV)) can trade excess with any other participants with an energy deficit. However, in business-as-usual (BAU), it has been fed back to the power grid or curtailed - which can be extremely costly to the grid. The energy traded through solar PV and battery energy storage system (BESS) via P2P trading is cheaper than the respective tariff of the grid.The main aim of the LEM is to mitigate power outages and accelerate the transition to clean energy through increased rooftop solar PV installation by motivating consumers and prosumers to invest in DERs. The LEM implements a marketplace for optimizing distributed energy resources (DERs). In doing so, the LEM can minimize lost energy from existing DER capacity, provide a financial incentive to generate renewable energy beyond the site it is generated at, and improve the savings and profits compared to a BAU case. Simplified, a LEM provides participants with cheaper, greener, and more reliable energy. The LEM maximizes a participant's yield from their solar PV panels, increasing the investment's profitability.Due to the benefits provided, implementing LEM accelerates renewable energy deployment with no government incentives. These benefits are achieved by utilizing a low-energy, high-speed proprietary Blockchain in tandem with the microservice-based architecture used in the software, which develops a secure trading network that is both easily scalable and highly resilient.",2164-5264,979-8-3503-9996-7,10.1109/PEDS57185.2023.10246687,,https://ieeexplore.ieee.org/stamp/stamp.jsp?arnumber=10246687,Local energy market;peer-to-peer;blockchain;power grid;network operator;electricity cost reduction,Renewable energy sources;Costs;Simulation;Tariffs;Tokenization;Software;Blockchains,,9,,26,IEEE,12-Sep-23,7-10 Aug. 2023,7-10 Aug. 2023,IEEE,IEEE Conferences
Blockchain-based Energy Trading Platform for P2P Renewable Energy Sharing,A. S. S.H; P. V; K. S; S. B; K. S; P. Jayalakshmi,"Department of Computer Science and Engineering, Rajalakshmi Institute of Technology; Department of Computer Science and Engineering, Rajalakshmi Institute of Technology; Department of Computer Science and Engineering, Rajalakshmi Institute of Technology; Department of Computer Science and Engineering, Vel Tech Rangarajan Dr. Sagunthala R&D Institute of Science and Technology; Department of Computer Technologies, School of Computing, SRM Institute of Science and Technology, Kattankulathur, Chennai; Department of Artificial Intelligence and Data Science, GRT Institute of Engineering and Technology",2025 8th International Conference on Computing Methodologies and Communication (ICCMC),04-Sep-25,2025,,,367,373,"Decentralized renewable energy sources has driven demand for secure and efficient peer-to-peer energy trading platforms, which are well suited to the increasing instability of energy distribution systems associated with decentralized renewable energy sources. We describe the design and implementation of a blockchain-based system that enables transparent, trustless, and automated energy exchanges between producers and consumers. Smart contracts are used on the platform to facilitate energy listings and payments, providing immutability and removing the need for middlemen. An interactive map allows users to find energy providers in their vicinity, and feedback given after the transaction is analyzed to track the quality of service provided. With a dual storage architecture featuring both blockchain and MySQL, we can ensure that data is both secure and accessible. User approvals and listing verifications are done through an administrator, maintaining platform integrity.",,979-8-3315-1211-8,10.1109/ICCMC65190.2025.11140862,,https://ieeexplore.ieee.org/stamp/stamp.jsp?arnumber=11140862,Sentiment Analysis;Electric Vehicles (EV);Decentralized Energy Market;Renewable Energy;Natural Language Processing (NLP) Decentralized Energy Trading Platform,Renewable energy sources;Sentiment analysis;Smart contracts;Quality of service;Production;Electric vehicles;Trustless services;Tokenization;Blockchains;Peer-to-peer computing,,,,15,IEEE,04-Sep-25,23-25 July 2025,23-25 July 2025,IEEE,IEEE Conferences
Tokenizing Renewable Energy Certificates (RECs)-A Blockchain Approach for REC Issuance and Trading,Y. Zuo,"Department of Accountancy and Information Systems, University of North Dakota, Grand Forks, ND, USA",IEEE Access,30-Dec-22,2022,10,,134477,134490,"Renewable Energy Certificate (REC) is a market-based instrument and tracking mechanism for electricity generated from renewable sources as they flow into the power grid. The current REC issuance and tracking system is centralized, highly regulated, and operationally expensive. We proposed a blockchain-based, decentralized platform for REC issuance and trading by allowing greater traceability and transparency in transactions and reducing the operational costs of REC exchanges. The main design of the platform is to tokenize RECs and provides a decentralized, trustworthy mechanism for REC issuance, trading, verification, and retirement. The platform provides low costs, transparency, and easy to use. Representing RECs as blockchain tokens ensures that the trustworthy information is immutably recorded and available for all stakeholders to track and verify, thereby improving the reliability and security of the REC issuance and tracking systems. We present the design of the platform and detailed simulations of REC issuance and trading.",2169-3536,,10.1109/ACCESS.2022.3230937,,https://ieeexplore.ieee.org/stamp/stamp.jsp?arnumber=9994695,Blockchain;renewable energy certificate;tokenization;simulation;platform,Blockchains;Renewable energy sources;Costs;Smart grids;Security;Green products;Consensus protocol;Simulation,,46,,27,CCBY,20-Dec-22,2022,,IEEE,IEEE Journals
Blockchain-Assisted Energy Trading Framework for Vehicle-to-Grid Integration,Y. Wimalasooriya; A. Batuwatta; S. Kamburugamuwa; C. Yapa; N. Dharmaweera; R. Wijeratne; U. Madawala,"Department of Electrical and Electronic Engineering, University of Sri Jayewardenepura, Sri Lanka; Department of Electrical and Electronic Engineering, University of Sri Jayewardenepura, Sri Lanka; Department of Electrical and Electronic Engineering, University of Sri Jayewardenepura, Sri Lanka; Department of Electrical and Electronic Engineering, University of Sri Jayewardenepura, Sri Lanka; Department of Electrical and Electronic Engineering, University of Sri Jayewardenepura, Sri Lanka; Renewable Energy Development, Ceylon Electricity Board, Sri Lanka; Department of Electrical and Computer Engineering, The University of Auckland, Auckland, New Zealand",2025 15th International Conference on Power and Energy Systems (ICPES),09-Feb-26,2025,,,417,422,"The rise of electric vehicles (EVs) creates a unique opportunity to improve grid stability by allowing bidirectional energy transfer via Vehicle-to-Grid (V2G) technology. This research presents a smart V2G integration architecture for EVs that can provide real-time demand-side energy support. The solution combines a dual-interface mobile application with a blockchain-based energy tokenization method to allow for safe and transparent energy transactions between EV owners and system operators. Core frontend and backend algorithms control energy availability estimation, discharge approvals, and dynamic pricing, assuring maximum EV participation while maintaining vehicle usability. Real-time data synchronization between the mobile application and Ethereum-based smart contracts provides safe and role-specific transaction execution. Validation results indicate the framework's ability to promote energy conservation through decentralized EV coordination.",2767-732X,979-8-3315-9333-9,10.1109/ICPES68632.2025.11371864,,https://ieeexplore.ieee.org/stamp/stamp.jsp?arnumber=11371864,Electric Vehicles;Vehicle-to-Grid;Blockchain;Energy Tokenization;Smart Contracts;Demand-side Management,Vehicle-to-grid;Heuristic algorithms;Energy exchange;Smart contracts;Tokenization;Real-time systems;Blockchains;Mobile applications;Vehicle dynamics;Usability,,,,20,IEEE,09-Feb-26,6-8 Dec. 2025,6-8 Dec. 2025,IEEE,IEEE Conferences
Empowering Individual Climate Action Through Carbon Tokenization,U. S. Siddiqui; J. R. Pereira; I. J. Scott; M. C. Neto; F. Gallego,"Blockchain Lab, NOVA Information Management School, Lisbon, Portugal; Blockchain Lab, NOVA Information Management School, Lisbon, Portugal; Blockchain Lab, NOVA Information Management School, Lisbon, Portugal; Blockchain Lab, NOVA Information Management School, Lisbon, Portugal; ToolPor LDA, Lisbon, Portugal",2025 20th European Dependable Computing Conference Companion Proceedings (EDCC-C),03-Sep-25,2025,,,76,79,"Despite the establishment of global climate goals under the Paris Agreement, progress toward meeting emission reduction targets remains insufficient. A primary tool to tackle climate change is the carbon offset market. Traditional carbon markets are largely dominated by countries and large corporations, and while their contribution has been significant, it has been insufficient in meeting the carbon reduction targets. The primary deficiencies in these markets include supply-demand imbalances, limited accessibility, lack of transparency and standard regulatory frameworks, inefficiencies in verification, restricted participation, and a failure to adequately incentivize individual contributions. This paper argues that individuals must be integrated into the carbon offset market and carbon credit tokenization presents a viable and transformative mechanism for achieving this. By incentivizing sustainable behaviors through blockchain-based tokenized carbon credits, individuals can collectively contribute to emission reductions on a significant scale, complementing the efforts of governments and corporations. Through an analysis of existing market deficiencies, the transformative potential of tokenization, and the integration of behavioral economics principles, this paper advocates for an inclusive, decentralized, and transparent model that empowers individuals to take an active and meaningful role in addressing climate change. This approach will foster a sense of individual ownership and responsibility towards climate change, driving sustainable behavior and accelerating the transition to a low-carbon future.",,979-8-3315-3741-8,10.1109/EDCC-C66476.2025.00035,,https://ieeexplore.ieee.org/stamp/stamp.jsp?arnumber=11144848,Climate Change;Carbon Offset Markets;Cryptocarbon;Tokenization;Sustainable Behavior;Behavioral Economics,Climate change;Analytical models;Government;Europe;Carbon dioxide;Tokenization;Carbon;Behavioral economics;Standards;Meteorology,,,,16,IEEE,03-Sep-25,8-11 April 2025,8-11 April 2025,IEEE,IEEE Conferences
A Blockchain-Orchestrated Energy Trading Framework for SAGIN-Enabled 6G Networks,I. A. Ridhawi; H. Fayyad-Kazan,"Kuwait College of Science and Technology, Kuwait; Kuwait College of Science and Technology, Kuwait",2025 7th International Conference on Blockchain Computing and Applications (BCCA),14-Nov-25,2025,,,919,925,"The rapid deployment of Unmanned Aerial Vehicles (UAVs) in a multitude of environments and applications highlights their critical importance for Sixth Generation (6 G) networks. With that said, UAV operations remain constrained by their battery power limitations and irregular renewable energy management. Traditional centralized energy management solutions are unsuitable for UAV networks, given that they are vulnerable to a single point of failure and suffer from communication delays, as well as trust issues. In essence, decentralized energy management approaches provide an alternative. This article proposes a blockchain-orchestrated energy trading framework for Space-Air-Ground Integrated Networks (SAGIN) to support UAV operations through continuous energy availability. The framework enables UAVs to function as mobile energy prosumers, harvesting renewable energy and autonomously trading surplus capacity through peer-to-peer blockchain transactions. A lightweight blockchain consensus algorithm is developed to validate transactions efficiently in mobile environments, while smart contracts facilitate real-time auctions for fair pricing and immediate settlements. A reputation-based trust model is also integrated into the framework to further secure transactions by rewarding honest behavior while penalizing malicious conduct. The framework applies to all segments of SAGIN, establishing a decentralized, secure, and scalable energy marketplace for 6G. Simulation results show improvement in peer-to-peer (P2P) transaction settlement and consensus time, as well as transaction fairness.",,979-8-3315-0296-6,10.1109/BCCA66705.2025.11229788,,https://ieeexplore.ieee.org/stamp/stamp.jsp?arnumber=11229788,6G;SAGIN;Blockchain;Smart Contract;reputation-based trust;P2P;energy trading;renewable energy,6G mobile communication;Simulation;Smart contracts;Autonomous aerial vehicles;Space-air-ground integrated networks;Tokenization;Blockchains;Peer-to-peer computing;Delays;Energy management,,,,17,IEEE,14-Nov-25,14-17 Oct. 2025,14-17 Oct. 2025,IEEE,IEEE Conferences
Cooperative Games Over Blockchain and Smart Contracts for Self-Sufficient Energy Communities,L. Toderean; V. R. Chifu; T. Cioara; I. Anghel; C. B. Pop,"Department of Computer Science, Technical University of Cluj-Napoca, Cluj-Napoca, Romania; Department of Computer Science, Technical University of Cluj-Napoca, Cluj-Napoca, Romania; Department of Computer Science, Technical University of Cluj-Napoca, Cluj-Napoca, Romania; Department of Computer Science, Technical University of Cluj-Napoca, Cluj-Napoca, Romania; Department of Computer Science, Technical University of Cluj-Napoca, Cluj-Napoca, Romania",IEEE Access,25-Jul-23,2023,11,,73982,73999,"The household prosumers' decentralized cooperation and aggregation in energy communities are essential to increase renewable energy penetration and to ensure a successful energy transition. Despite their potential, the prosumers are not motivated to participate in local energy value chains due to the lack of trust and decentralized cooperation models for meeting community welfare and sustainability preferences, most innovation efforts being focused on financial incentives that are anyway very low. In this paper, we propose a solution for prosumers' decentralized coordination in self-sufficient energy communities using cooperative games on top of a blockchain overlay that considers their complementary energy features and flexibility mobilization. The proposed model for community-level local energy balance fits well in circumstances in which there is a strong motivation in the community to prioritize sustainability and environmental concerns and reduce dependence on external energy. We define a governance model to support the decentralized self-organization of prosumers in coalitions for balancing the renewable generation and demand while considering via tokenization factors that go beyond purely economic motivations and foster cooperation and collaboration among the prosumers in the community. Self-enforcing contracts are used to implement the cooperative game model enabling the decentralized management of prosumers' coalitions for optimized tokens-based payoff distribution towards self-sufficiency. The evaluation results show our solution's effectiveness in facilitating the prosumers cooperation in self-sufficient coalitions achieving a minimal difference between the energy consumption and production in the community of approximately 0.01%, with a low transactional time overhead.",2169-3536,,10.1109/ACCESS.2023.3296258,"BRIGHT (Boosting DR through increased communIty-level consumer engaGement by combining Data-driven and blockcHain technology Tools with social science approaches and multivalue service design) Project through the European Commission as part of the H2020 Framework Programme(grant numbers:957816); DEDALUS (Data-driven Residential Energy Carrier-agnostic Demand Response Tools and Multi-value Services) Project through the European Commission as part of the Horizon Europe Framework Programme(grant numbers:101103998); Romanian Ministry of Education and Research, UEFISCDI (Unitatea Executivã pentru Finant,area Învãt,ãmântului Superior, a Cercetãrii, Dezvoltãriis, i Inovãrii)(grant numbers:PN-III-P3-3.6-H2020-2020-0031); ",https://ieeexplore.ieee.org/stamp/stamp.jsp?arnumber=10185533,Blockchain;cooperative games;self-sufficient energy communities;small scale prosumers;renewable energy integration,Games;Renewable energy sources;Biological system modeling;Sustainable development;Smart contracts;Peer-to-peer computing;Europe;Blockchains;Energy management;Autonomous aerial vehicles;Particle swarm optimization;Artificial intelligence;Deep learning,,25,,47,CCBYNCND,18-Jul-23,2023,,IEEE,IEEE Journals
Financing Green Startups: A Blockchain-Powered Approach,D. Srinivas; S. Giri; K. Raina; H. Singh; K. Udayai; V. Ahmad,"School of Business, SR University, Warangal, Telangana; Department of Commerce, Christ University, Bangalore; Department of Management Studies, Graphic Era (Deemed to be University); Uttaranchal Institute of Management Uttaranchal University, Dehradun, India; School of Management Studies, Graphic Era (Deemed to be University), Dehradun, Uttarakhand, India; Uttaranchal Institute of Management Uttaranchal University, Dehradun, India",2025 5th International Conference on Internet of Things: Smart Innovation and Usages (IoT-SIU),25-Feb-26,2025,,,1,6,"Green startups routinely encounter difficulty in obtaining financing owing to the high funding needs to launch their business, and the imprecise market acceptance and future returns of those businesses, rendering them unacceptable to traditional latter-day funding methods. The funding modality available today fails to provide the needed transparency, flexibility and accessibility to encourage ventures based on green projects. This paper develops a funding model based in blockchain for green startups, that employs tokenization, decentralised finance (DeFi) and smart contracts with automaticity, as an efficient way of funding to provide secure, traceable funding structures that make funds available related to the performance of the venture. We present a conceptual model showing the responsibilities of startups, funders and smart contracts within a de-centralised funding ecosystem. Various case studies such as Power Ledger and WePower are investigated in order to validate the practical relevance of the model. Our research indicates how blockchain mechanisms can heighten trust, enhance liquidity, and automate funding that is linked to impact. This paper contributes to future work on scalable platforms that are both regulation compliant and also provide a fit between Blockchain infrastructure and the unique requirements of sustainable innovation.",,979-8-3315-9099-4,10.1109/IOT-SIU65919.2025.11402723,,https://ieeexplore.ieee.org/stamp/stamp.jsp?arnumber=11402723,blockchain;green startups;sustainable finance;tokenization;decentralized finance (DEFI);smart contracts;environmental impact;green bonds;crowdfunding,Technological innovation;Green products;Smart contracts;Supply chains;Finance;Decentralized applications;Tokenization;Blockchains;Standards;Business,,3,,23,IEEE,25-Feb-26,27-28 Nov. 2025,27-28 Nov. 2025,IEEE,IEEE Conferences
"Blockchain as an ""Energy Accumulator"": Tokenized Storage, Price Arbitrage, and State-of-Charge Governance",N. Hinov; P. Stanchev,"CoE “National Center of Mechatronics and Clean Technologies”, Sofia, Bulgaria; CoE “National Center of Mechatronics and Clean Technologies”, Sofia, Bulgaria",2025 10th International Conference on Energy Efficiency and Agricultural Engineering (EE&AE),15-Dec-25,2025,,,1,6,"Volatile electricity prices enable arbitrage by charging storage when prices are low and discharging when prices are high. We propose a blockchain-backed “energy accumulator” for communities and microgrids that aggregates heterogeneous storage assets, tokenizes their time-coupled capacity (kWh•slot), and executes charge/discharge schedules via smart contracts connected to price and telemetry oracles. Off-chain forecasting and optimization generate dispatch plans; on-chain contracts provide transparent settlement, constraint enforcement (SoC, cycle limits), and profit sharing. The concept targets low transaction latency (minutes) and negligible onchain overhead relative to arbitrage margin. We outline a simulation framework using historical price series, storage models with degradation costs, and compare three governance modes: centralized operator, permissioned blockchain (PBFT/PoA), and public L2 rollup. Key metrics include arbitrage profit, peak reduction, SoC violations, gas/fees, and $\text{CO}_{2}$ impact. Results (to be developed) will quantify where blockchain brings net value beyond centralized coordination.",,979-8-3315-1299-6,10.1109/EEAE65901.2025.11273357,,https://ieeexplore.ieee.org/stamp/stamp.jsp?arnumber=11273357,blockchain;energy storage;price arbitrage;tokenization;smart contracts;virtual power plant;microgrid,Schedules;Simulation;Smart contracts;Microgrids;Virtual power plants;Tokenization;Blockchains;Telemetry;Energy storage;Testing,,,,13,IEEE,15-Dec-25,5-7 Nov. 2025,5-7 Nov. 2025,IEEE,IEEE Conferences
Demo: Blockchain Application for Hydrogen Production and Distribution Tracing,Y. Madhwal; Y. Yanovich; M. Coveri,"Skolkovo Institute of Science and Technology, Moscow, Russia; Skolkovo Institute of Science and Technology, Moscow, Russia; Energy Efficiency Lease AG, Zug, Switzerland",2023 IEEE 43rd International Conference on Distributed Computing Systems (ICDCS),11-Oct-23,2023,,,1001,1002,"This paper discusses a blockchain-based system that uses a quantitative tokenized approach for the production and distribution of hydrogen fuel. Currently, the production of hydrogen fuel depends on the supply of water and electricity from external entities. Our decentralized application utilizes a smart contract deployed on a blockchain, enabling the seamless conversion of elements into fuel and the production and distribution process. The paper presents the application's workflow and demonstrates its potential to revolutionize the hydrogen fuel industry. This paper describes the application workflow. The code is available on GitHub.",2575-8411,979-8-3503-3986-4,10.1109/ICDCS57875.2023.00120,,https://ieeexplore.ieee.org/stamp/stamp.jsp?arnumber=10272490,Blockchain;Smart contract;Tokenization;Token Conversion,Industries;Electric potential;Codes;Hydrogen;Smart contracts;Production;Decentralized applications,,,,11,IEEE,11-Oct-23,18-21 July 2023,18-21 July 2023,IEEE,IEEE Conferences
Blockchain-Enabled Market Clearing Mechanism for Peer-to-Peer Energy Storage Sharing,Z. Ren; H. Duan; H. Dai; X. Fan; C. Zhang; X. Hu,"Artificial Intelligence Research Institute, Shenzhen MSU-BIT University, Guangdong, China; Artificial Intelligence Research Institute, Shenzhen MSU-BIT University, Guangdong, China; Institute of International Rivers and Eco-Security, Yunnan University, Kunming, China; Artificial Intelligence Research Institute, Shenzhen MSU-BIT University, Guangdong, China; Artificial Intelligence Research Institute, Shenzhen MSU-BIT University, Guangdong, China; Artificial Intelligence Research Institute, Shenzhen MSU-BIT University, Guangdong, China",2025 IEEE International Conference on Big Data (BigData),06-Mar-26,2025,,,6288,6297,"This paper first classifies blockchain-based shared energy storage studies into three deployment modes, namely community sharing, cloud sharing, and peer-to-peer (P2P) sharing, and summarizes how blockchain reshapes market mechanisms and data governance in these settings. Building on these insights, we develop a blockchain-enabled P2P market framework that tokenizes time-sliced capacity rights and clears a uniform capacity price through a sealed-bid commit-reveal process. The proposed framework establishes a privacy-preserving market microstructure where sellers and buyers submit piecewise capacity bids across delivery windows, and smart contracts execute commitment verification, convex welfare-based capacity clearing, and auditable settlement. The clearing problem is formulated as a convex social-welfare optimization and reduced to a onedimensional dual problem, yielding closed-form expressions for the uniform price and primal allocations. Furthermore, the framework specifies deposit rules and capacity-right tokenization to ensure verifiable settlement. Future research directions include degradation-aware pricing, real-time capacity verification, and streaming settlement aligned with realized energy delivery.",2573-2978,979-8-3315-9447-3,10.1109/BigData66926.2025.11400817,National Natural Science Foundation of China(grant numbers:62576213); ,https://ieeexplore.ieee.org/stamp/stamp.jsp?arnumber=11400817,Blockchain-based shared energy storage;peer-to-peer (P2P) market framework;sealed-bid commit-reveal process;uniform capacity price;convex social-welfare optimization,Smart contracts;Pricing;Tokenization;Peer-to-peer computing;Windows;Blockchains;Resource management;Microstructure;Optimization;Energy storage,,,,45,IEEE,06-Mar-26,8-11 Dec. 2025,8-11 Dec. 2025,IEEE,IEEE Conferences
Blockchain Based Ecommerce Warranty System Using NFT(Non-fungible Token),S. Bhutani; R. Mittal,"School of Computer Science & Technnology, Manavrachna International University Of Rersearch and Studies, Faridabad, Haryana, India; Faculty of Computer Science & Technnology, Manavrachna International University Of Rersearch and Studies, Faridabad, Haryana, India",2023 3rd International Conference on Advancement in Electronics & Communication Engineering (AECE),15-Feb-24,2023,,,374,377,"Current eCommerce warranty systems are often inadequate due to fraudulent claims, difficulty proving ownership, and inconsistent utilization. This research proposes a blockchain-based eCommerce warranty system that uses nonfungible tokens (NFTs) to improve authenticity, ownership, and consistency. By converting warranty certificates into decaying NFTs, the proposed system enables consumers to digitally certify their product warranty, enhancing the integrity of the system and mitigating fraudulent warranty claims. Additionally, the system allows for easy ownership transfer and simplifies the resale process. This research will demonstrate the feasibility and effectiveness of the proposed system through simulations and prototypes, potentially revolutionizing eCommerce warranty systems.",,979-8-3503-3072-4,10.1109/AECE59614.2023.10428649,,https://ieeexplore.ieee.org/stamp/stamp.jsp?arnumber=10428649,Blockchain;ecommerce;warranty system;non-fungible tokens;authenticity and ownership;tokenization;Ethereum smart contracts;decentralized systems,Warranties;Prototypes;Electronic commerce;Nonfungible tokens,,3,,13,IEEE,15-Feb-24,23-24 Nov. 2023,23-24 Nov. 2023,IEEE,IEEE Conferences
A Dual-Layer Architecture for Asset-Centric RWA Tokenization on Blockchain,U. Pekel; O. Yayla,"Institue of Applied Mathematics Middle East Technical University Çankaya, Ankara, Turkey; Institue of Applied Mathematics Middle East Technical University Çankaya, Ankara, Türkiye",2026 IEEE International Conference on Blockchain and Cryptocurrency (ICBC),01-Jul-26,2026,,,1,7,"Infrastructure assets often generate stable, policy-backed cash flows, yet existing investment instruments bundle asset exposure with corporate balance-sheet and governance risks. Existing RWA tokenization does not change this; it still treats an asset as a contractbased claim rather than as the asset itself. We argue that reducing property rights (rights tied to the asset) to rights tied to a contract is a fundamental limitation, and one that a smart contract alone cannot overcome. What is needed is an object-centric model in which each asset unit carries its own identity and rights natively. We propose a dual-layer architecture that separates legal asset anchoring from investor-facing cash-flow participation. The first layer anchors the asset identity and legal linkage. The second layer issues participation units with a mutable yield-beneficiary pointer, allowing custody and cash-flow entitlement to be held independently. The architecture targets policy-backed infrastructure assets, such as renewable energy under feed-in tariffs, where generation, validation, and settlement are already institutionally established. A token-bound dividend routing algorithm distributes revenues at the individual token level via parallel batched transactions. Cost projections show that micro-distributions across one million tokens can be executed at negligible marginal cost under parallel execution, compared to prohibitive gas expenses in sequential EVM-based models. The contribution is a blockchain-native design space and representation model that gives investors exposure to asset-level yields, not to the risks of a corporate wrapper.",2832-8906,979-8-3315-8633-1,10.1109/ICBC67748.2026.11575473,,https://ieeexplore.ieee.org/stamp/stamp.jsp?arnumber=11575473,Blockchain;infrastructure finance;assetcentric tokenization;renewable energy finance;propertyright representation;policy-backed cash flows;direct asset participation,Modeling;Fluid flow;Architecture;Computer architecture;Tokenization;Measurement units;Costing;Costs;Printing;Back,,,,15,IEEE,01-Jul-26,1-5 June 2026,1-5 June 2026,IEEE,IEEE Conferences
Blockchain Powered Carbon Credit Trading System using CAP-and-Trade Mechanism,C. Patil; K. Birla; P. S. Nikumb; H. K. Patil,"Department of Computer Engineering, K.K. Wagh Institute of Engineering Education and Research, Nashik, India; Department of Computer Engineering, K.K. Wagh Institute of Engineering Education and Research, Nashik, India; Department of Computer Engineering, K.K. Wagh Institute of Engineering Education and Research, Nashik, India; Department of Computer Engineering, K.K. Wagh Institute of Engineering Education and Research, Nashik, India",2024 IEEE International Conference on Blockchain and Distributed Systems Security (ICBDS),17-Jan-25,2024,,,1,8,"Climate change is the greatest long term threat that the global Community is currently facing. In response, many countries are submitting enhanced Nationally Determined Contributions (NDCs) to the UN, committing to reduce greenhouse gas (GHG) emissions by 2030. The Energy and Environmental Department at the National-level government wanted to create price incentives for industries to reduce their GHG emissions and stimulate investment in green innovation. To support these efforts, the proposed solution aims to develop a fully-functional, automatic and blockchain-powered Carbon trading platform that enables market participants to track, manage and trade GHG Credits (often referred to as Carbon Credits) while also helping the government to verily actual emission reductions. Blockchain-based architecture ensures that emissions data is tamper-proof, auditable securely recorded, enhancing accountability and participant trust. The carbon trading platform runs on CAP-and-Trade mechanism which is Government regulated Compliance market, in which specific sectors and Companies (usually called as obligated entities) are designated allowed to generate a certain volume of emissions (i.e. a CAP, carbon emission limit, acts as a Carbon emission Allowance Permit for these carbon emitters). If they exceed this limit, they may purchase Carbon Credits from environmental projects or have to pay carbon heavy taxes.",,979-8-3503-5434-8,10.1109/ICBDS61829.2024.10837557,,https://ieeexplore.ieee.org/stamp/stamp.jsp?arnumber=10837557,Carbon credits;greenhouse gas emission;blockchain;CAP-and-Trade mechanism;smart contracts;tokenization;annual emissions report,Industries;Climate change;Technological innovation;Government;Green products;Carbon dioxide;Emissions trading;Air pollution;Blockchains;Carbon tax,,4,,16,IEEE,17-Jan-25,17-19 Oct. 2024,17-19 Oct. 2024,IEEE,IEEE Conferences
Towards A Blockchain-Based Revenue Distribution Mechanism for Electrical Generators,B. Bird; A. de Villiers; P. Cuffe,"School of Electrical and Electronic Engineering, University College Dublin, Dublin, Ireland; School of Electrical and Electronic Engineering, University College Dublin, Dublin, Ireland; School of Electrical and Electronic Engineering, University College Dublin, Dublin, Ireland",2023 IEEE Belgrade PowerTech,09-Aug-23,2023,,,1,6,"Renewable energy generators have increased in number in recent years to meet the demand for the green transition. However, the inconsistent nature of the output from these sources, coupled with fluctuation in demand and market spot prices produces significant financial risk for renewable generators. An inflexible market structure exacerbates these effects, and renewable generators may benefit from a remodelled revenue distribution system. A potential solution to these problems could lie in distributed ledger technology, specifically blockchain. Advances in this technology have given rise to smart contracts-autonomous, immutable and transparent computer programs that reside on the blockchain network-that can enable new business models. This paper looks to utilise advances in blockchain smart contract technology to create a novel system for managing revenue streams. The paradigm suggests tokenising the right to a generator's regular market remuneration, creating a new financial tool for stakeholders. A blockchain program consisting of a smart contract is developed, serving as an investigation into the granular workings of such a system. This smart contract manages generators and stakeholders, while directing the movement of tokens and currency. The code is deployed to the blockchain, and tested with simulated transactions to demonstrate the effectiveness of the mechanism. Further development of such a solution, specifically revenue sharing between grouped generators, could offer significant stability to financial models for renewable energy generators.",,978-1-6654-8778-8,10.1109/PowerTech55446.2023.10202711,Science Foundation Ireland(grant numbers:20/EPSRC/3700); Sustainable Energy Authority of Ireland(grant numbers:18/RDD/373); ,https://ieeexplore.ieee.org/stamp/stamp.jsp?arnumber=10202711,blockckchain;smart contracts;electricity markets;tokenisation,Renewable energy sources;Smart contracts;User interfaces;Generators;Stability analysis;Real-time systems;Blockchains,,,,28,IEEE,09-Aug-23,25-29 June 2023,25-29 June 2023,IEEE,IEEE Conferences
Decentralized Finance (DeFi) for Carbon Markets with Blockchain Technology,J. A. Kusuma; Meyliana; K. Deniswara,"Information Systems Department, School of Information Systems, Bina Nusantara University, Jakarta, Indonesia; Information Systems Department, School of Information Systems, Bina Nusantara University, Jakarta, Indonesia; Accounting Department, School of Accounting, Bina Nusantara University, Jakarta, Indonesia",2025 International Conference on Information Management and Technology (ICIMTech),04-Dec-25,2025,,,842,847,"Innovative solutions are needed to reduce greenhouse gas emissions and promote sustainability in the face of climate change, a global problem. Although carbon markets often face problems such as centralization, lack of transparency, and high costs, they are intended to address these issues. A new way to improve carbon markets is offered by decentralized finance (DeFi) powered by blockchain technologies, such as tokenization and smart contracts. These technologies make carbon credit trading more efficient, transparent, and accessible. In this paper, a Systematic Literature Review (SLR) was used to examine 35 studies published between 2018 and 2024. These results are generated using the Technology-Organization-Environment (TOE) framework, which identifies fifteen critical components that influence the adoption of decentralized finance in carbon markets. Scalability and opaque regulation are issues that need further research, although DeFi may be able to address many of these issues. Additionally, the study highlights the role of decentralized finance in supporting the shift towards a greener economy by promoting sustainability and inclusivity. This study advances the understanding of how decentralized finance can aid carbon reduction efforts and improve the way carbon markets function.",2837-2778,979-8-3315-9701-6,10.1109/ICIMTech67074.2025.11265343,,https://ieeexplore.ieee.org/stamp/stamp.jsp?arnumber=11265343,decentralized finance;Blockchain Technology;carbon markets;sustainability;Systematic Literature Review;Technology-Organization-Environment Framework,Climate change;Law;Finance;Decentralized applications;Tokenization;Blockchains;Sustainable development;Carbon;Faces;Systematic literature review,,,,41,IEEE,04-Dec-25,28-29 Aug. 2025,28-29 Aug. 2025,IEEE,IEEE Conferences
Building a Sustainable Business Model Through the Integration of Blockchain and Green Technologies,K. Jerosha; K. J; T. Annapurna; B. K. Rani; Z. Ajzan Balassem; P. K. Naik,"Hindustan Institute of Technology and Science; Hindustan Institute of Technology and Science; Department of CSE-DS, Gokaraju Rangaraju Institute of Engineering and Technology, Hyderabad, Telangana, India; Department of IT, CMR Technical Campus, Hyderabad, Telangana, India; Department of Computers Techniques Engineering, College of Technical Engineering, The Islamic University, Najaf, Iraq, Al Diwaniyah, Iraq; Department of AI and Robotics Engineering, Dayananda Sagar University, Bengaluru, India",2025 International Conference on Metaverse and Current Trends in Computing (ICMCTC),17-Oct-25,2025,,,1,5,"In the light of frequent requests from the business sector, blockchain technology and green innovations are integrated into sustainable business models to improve transparency, efficiency, and environment responsibility. This paper presents GreenChain, a blockchain based decentralized framework which helps businesses in attaining sustainability by carbon credit tokenization, peer to peer (P2P) renewable energy trading, and smart green impact analytics powered by artificial intelligence. According to the proposed system, sustainable transactions are accomplished through smart contracts, which guarantee a safe hand and trust reduction of mediators and eliminate the risks of green washing. Incorporating Internet of Things (IoT) based energy monitoring of actual time carbon emissions to be able to earn and trade blockchain verified carbon credits, the framework is integrated. Additionally, it allows tokenized investments to fund green projects in a decentralized finance (DeFi) mechanism. The feasibility of low cost, high security transactions is also discussed in terms of analysis of performance, which render it into a viable alternative of conventional means of sustainability tracking mechanism. This paper discusses its research on the use of blockchain towards carbon footprint, energy efficiency and circular economy. The results suggest that both the GreenChain model strengthens accountability and facilitates ESG compliance, which avers the industry's transition towards a sustainable future. Eutopia will concentrate on making adoption of the ADU widely scalable, complying to regulatory standards, and introducing it in smart cities and industrial ecosystems.",,979-8-3315-3821-7,10.1109/ICMCTC62214.2025.11196142,,https://ieeexplore.ieee.org/stamp/stamp.jsp?arnumber=11196142,Blockchain;Green Technologies;Carbon Credits;Peer-to-Peer Energy Trading;Smart Contracts;ESG Compliance;Sustainable Business Models,Green buildings;Biological system modeling;Smart contracts;Blockchains;Peer-to-peer computing;Security;Internet of Things;Sustainable development;Carbon;Business,,,,13,IEEE,17-Oct-25,10-11 April 2025,10-11 April 2025,IEEE,IEEE Conferences
Blockchain and NFT-Based Smart Contracts for Proportional Revenue Distribution in Solar Energy,Y. W. Kiang; K. Hang Lam,"Department of Electrical and Electronic Engineering, The University of Hong Kong, Hong Kong; Department of Electrical and Electronic Engineering, The University of Hong Kong, Hong Kong",2025 IEEE Conference on Engineering Informatics (ICEI),20-Jul-26,2025,,,1,10,"Tokenization of renewable energy infrastructure using blockchain and smart contracts enables novel financing and revenue sharing models for sustainable projects. We present an end-to-end system that issues non-fungible tokens (NFTs) representing fractional ownership of a solar photovoltaic asset, coupled with a pull-based smart contract mechanism to securely distribute energy revenue to token holders. We evaluate the approach on Ethereum and Layer-2 networks using an off-chain emulation calibrated to actual gas schedules, analyzing both financial viability and scalability. Simulations using real solar generation and price data show that NFT-based crowdfunding can deliver investor internal rates of return around 9% in a 5 MWdc baseline while reducing the reliance on traditional financial intermediaries. Our gas-cost analysis demonstrates that Layer-2 rollups and upcoming protocol improvements (e.g., EIP-4844) reduce distribution costs to well below 0.01% of project revenue, ensuring the model can scale to large numbers of participants. The proposed design enhances transparency and inclusivity in renewable energy investment, illustrating how blockchain can support climate finance by unlocking new sources of capital and automating trust intensive processes.",,979-8-3315-8140-4,10.1109/ICEI68356.2025.11603738,,https://ieeexplore.ieee.org/stamp/stamp.jsp?arnumber=11603738,,Contracts;Costing;Costs;Energy;Blockchains;Finance;Gases;Modeling;Nonfungible tokens;Printing,,,,33,IEEE,20-Jul-26,3-9 Nov. 2025,3-9 Nov. 2025,IEEE,IEEE Conferences
Blockchain Based Adaptive Non-Cooperative Game Strategy For Smart Power Contracts,D. D. Sharma; J. Lin; A. Sarojwal; A. Sharma; A. Sharma,"Department Of Electrical Engineering, MJP Rohilkhand University, Bareilly, India; USA Chester Springs, National Grid, PA, USA; Department Of Electrical Engineering, MJP Rohilkhand University, Bareilly, India; Department of Electronics and Communication, NIT Hamirpur, Hamirpur, HP, India; Department of Computer Engineering, Bannett University, Gr. Noida, Gr. Noida, India",2023 IEEE 8th International Conference for Convergence in Technology (I2CT),23-May-23,2023,,,1,6,"The peer-to-peer energy trading on the decentralized platform among microgrids requires new approaches to be developed. The heterogeneous microgrids may be surplus or deficit power due to uncertainty in power generation and electric power demand. This paper proposes the blockchain-based adaptive non-cooperative game strategy among the owners of microgrids. The power token-based smart contracts have been created for energy trading among the networked microgrids. The smart contracts are made secure, reliable, and trustworthy with blockchain technology. The distributed identity-based microgrid (DIBM) scheme is designed to avoid the distributed denial of service (DDoS) attack. For the smart power contracts, the hash key has been obtained with python programming and other simulation work has been done in MATLAB.",,979-8-3503-3401-2,10.1109/I2CT57861.2023.10126409,,https://ieeexplore.ieee.org/stamp/stamp.jsp?arnumber=10126409,adaptive observer;Blockchain;Networked Microgrids;Token;smart contract,Adaptation models;Adaptive systems;Uncertainty;Smart contracts;Microgrids;Games;Tokenization,,4,,29,IEEE,23-May-23,7-9 April 2023,7-9 April 2023,IEEE,IEEE Conferences
"AI-Enhanced Virtual Power Plants: Comparative Approaches, Future Architectures, and Policy Implications",N. Hinov; P. Stanchev,"CoE “National Center of Mechatronics and Clean Technologies”, Sofia, Bulgaria; CoE “National Center of Mechatronics and Clean Technologies”, Sofia, Bulgaria",2025 10th International Conference on Energy Efficiency and Agricultural Engineering (EE&AE),15-Dec-25,2025,,,1,5,"The large-scale integration of renewable energy sources (RES) introduces challenges of volatility, flexibility, and cybersecurity in modern power systems. Virtual Power Plants (VPPs) have emerged as digital aggregators that can coordinate distributed energy resources (DERs) to enhance grid stability and improve market participation. While numerous studies have reviewed VPP operations, most remain descriptive and lack comparative, architectural, and practical insights. This paper contributes in four main directions. First, we provide a comparative analysis between classical optimization methods (e.g., MILP, MINLP, stochastic programming) and emerging AI-based approaches (e.g., machine learning, reinforcement learning, federated learning). A structured comparison highlights strengths, weaknesses, and applicability under different operational conditions. Second, we propose a future AI-based VPP architecture, structured in layered form to integrate DERs, communication protocols, advanced optimization intelligence, and market interfaces. Third, a minisimulation case study is presented, contrasting classical MILP scheduling with reinforcement learning under forecast uncertainty. Results demonstrate that AI-based control achieves up to 8 % cost reduction while maintaining flexibility, though at the expense of transparency and computational complexity. Finally, we offer policy and industry recommendations, emphasizing hybrid frameworks, standardization, explainability, and cybersecurity. The findings suggest that hybrid VPP control, combining mathematical rigor with adaptive AI, will be essential for next-generation power systems. This work provides both researchers and practitioners with a roadmap toward resilient, scalable, and trustworthy VPP operations.",,979-8-3315-1299-6,10.1109/EEAE65901.2025.11273707,,https://ieeexplore.ieee.org/stamp/stamp.jsp?arnumber=11273707,blockchain;energy storage;price arbitrage;tokenization;smart contracts;virtual power plant;microgrid,Job shop scheduling;Smart contracts;Computer architecture;Reinforcement learning;Standardization;Virtual power plants;Power system stability;Tokenization;Stability analysis;Computer security,,1,,13,IEEE,15-Dec-25,5-7 Nov. 2025,5-7 Nov. 2025,IEEE,IEEE Conferences
AI Carbon Credit Verifier,S. Bhise; S. Bobade; S. Pachade; K. Padole; R. Paghal; M. Pardeshi,"Department of Computer Science and Artificial Intelligence, Vishwakarma Institute of Technology, Pune, India; Department of Computer Science and Artificial Intelligence, Vishwakarma Institute of Technology, Pune, India; Department of Computer Science and Artificial Intelligence, Vishwakarma Institute of Technology, Pune, India; Department of Computer Science and Artificial Intelligence, Vishwakarma Institute of Technology, Pune, India; Department of Computer Science and Artificial Intelligence, Vishwakarma Institute of Technology, Pune, India; Department of Computer Science and Artificial Intelligence, Vishwakarma Institute of Technology, Pune, India","2026 2nd International Conference on Computing, Communication and Green Engineering (CCGE)",02-Jul-26,2026,,,1,6,"Carbon credit markets are at the heart of global greenhouse gas (GHG) mitigation in that they provide the economy with a financial incentive to reduce the amount of emissions through a project. Nevertheless, these markets are still vulnerable to fraud in their structure such as false reforestation torts, dubious credit registration, and fraudulent abuse of such certificates issued by governments. Traditional verification techniques relying on traditional audits and centralised registry approvals are expensive, slow and prone to manipulations. The article discusses a carbon credit trading system with end-to-end, fraud-resistance, and based on blockchain technology, artificial intelligence (AI) and remote sensing in space. The platform applies Know Your Customer (KYC) authentication for project sellers, authenticate land-use and renewable energy projects with the trained machine learning models based on the use of vegetation indices including the Normalised Difference Vegetation Index (NDVI) based on Sentinel-2 images, and tokenizes verified credits as tamper-proof blockchain assets governed by smart contracts. An initial implementation on a local Ethereum test-net tested on a simulated dataset of 50 labelled afforestation and renewable energy projects with generated cases of fraud found a 94% accuracy in fraud detection and decreased verification time, previously taken by manual verification, to about 4.2 minutes. There was an integrity of 99.8% transactions in 1,000 simulated trades. These findings prove the feasibility of a multi-layers technical response to the establishment of transparent, efficient and trustworthy carbon markets.",,979-8-3315-8888-5,10.1109/CCGE67142.2026.11581552,,https://ieeexplore.ieee.org/stamp/stamp.jsp?arnumber=11581552,carbon credits;blockchain;fraud detection;AI validation;satellite remote sensing;NDVI;Sentinel-2;smart contracts;tokenisation;sustainability,Fraud;Artificial intelligence;Carbon;Satellites;Timing;Testing;Normalized difference vegetation index;Modeling;Smart contracts;Indexes,,,,15,IEEE,02-Jul-26,7-8 May 2026,7-8 May 2026,IEEE,IEEE Conferences
Integrating sustainability into ERC-20 token development on Ethereum,C. -H. Kao; Y. C. Hu; L. Y. Chi,"Department of Engineering Science, National Cheng Kung University, Tainan, Taiwan; Department of Aviation Communication and Electronics, Air Force Institute of Technology, No. 198, Jieshou W Rd, Gangshan District, Kaohsiung, Taiwan; Department of Aviation Communication and Electronics, Air Force Institute of Technology, No. 198, Jieshou W Rd, Gangshan District, Kaohsiung, Taiwan",IET International Conference on Engineering Technologies and Applications (ICETA 2024),27-Jan-25,2024,2024,,96,97,"This research presents a detailed exploration of designing and implementing an ERC-20 smart contract on the Ethereum blockchain, with a focused integration of environmental sustainability and ethical considerations. In the context of a growing emphasis on sustainable practices within the digital asset domain, this study evaluates how ERC-20 token development aligns with eco-innovative measures. It highlights token design innovations that mitigate environmental impact, such as energy-efficient consensus mechanisms and integrated carbon offsetting features. Furthermore, the paper comprehensively discusses the ethical dimensions of tokenization, with particular attention to ensuring transparency, enhancing security, and promoting fairness, aiming to ensure that digital assets contribute positively to both the economy and society. By synthesizing these principles, the proposed ERC-20 smart contract framework seeks to establish standards for responsible and sustainable digital asset creation, paving the way for future developments in the blockchain ecosystem.",,978-1-83724-225-2,10.1049/icp.2024.4193,,https://ieeexplore.ieee.org/stamp/stamp.jsp?arnumber=10854284,,,,2,,,,27-Jan-25,25-27 Oct. 2024,25-27 Oct. 2024,IET,IET Conferences
Element and Everything Tokens: Two-Tier Architecture for Mobilizing Alternative Assets,A. Borjigin; C. He; C. C. Lee; W. Zhou; C. L. Kok,"ProAI Laboratory, Probe Group, Singapore; ProAI Laboratory, Probe Group, Singapore; Centre for Sustainable Development, University of Newcastle Australia, Singapore; ProAI Laboratory, Probe Group, Singapore; Centre for Sustainable Development, University of Newcastle Australia, Singapore",2025 IEEE International Conference on Recent Advances in Systems Science and Engineering (RASSE),30-Dec-25,2025,,,1,8,"Alternative assets such as mines, power plants, or infrastructure projects are often large, heterogeneous bundles of resources, rights, and outputs whose value is difficult to trade or fractionalize under traditional frameworks. This paper proposes a novel two-tier tokenization architecture to enhance the liquidity and transparency of such complex assets. We introduce the concepts of Element Tokens and Everything Tokens: elemental tokens represent standardized, fully collateralized components of an asset (e.g., outputs, rights, or credits), while an everything token represents the entire asset as a fixed combination of those elements. The architecture enables both fine-grained partial ownership and integrated whole-asset ownership through a system of two-way convertibility. We detail the design and mechanics of this system, including an arbitrage mechanism that keeps the price of the composite token aligned with the net asset value of its constituents. Through illustrative examples in the energy and industrial sectors, we demonstrate that our approach allows previously illiquid, high-value projects to be fractionalized and traded akin to stocks or exchange-traded funds (ETFs). We discuss the benefits for investors and asset owners, such as lower entry barriers, improved price discovery, and flexible financing, as well as the considerations for implementation and regulation.",,979-8-3315-4435-5,10.1109/RASSE64831.2025.11315482,,https://ieeexplore.ieee.org/stamp/stamp.jsp?arnumber=11315482,Programmable asset issuance;fractional ownership;real-world assets;blockchain;liquidity;composite tokens;arbitrage,Industries;Regulators;Smart contracts;Taxonomy;Finance;Pricing;Tokenization;Regulation;Security;Standards,,2,,20,IEEE,30-Dec-25,4-7 Nov. 2025,4-7 Nov. 2025,IEEE,IEEE Conferences