Item Title,Publication Title,Book Series Title,Journal Volume,Journal Issue,Item DOI,Authors,Publication Year,URL,Content Type
Blockchain Innovations for a Sustainable Circular Economy in Wind Energy,Blockchain Innovations for a Sustainable Circular Economy,,,,10.1007/978-3-032-02428-2_8,Inam Ul HaqHimani UppalVandita Nandal,2026,https://link.springer.com/chapter/10.1007/978-3-032-02428-2_8,Chapter
Decentralized Energy Exchange and&#xa0;Congestion Resolution with&#xa0;Blockchain,"Blockchain and Applications, 7th International Congress",,,,10.1007/978-3-032-05877-5_27,Iñaki Seco-AguirreAnder ZubiriaDavid González-SánchezMinerva Martínez-PicazoCristina  RegueiroMaría Mateo-MotosMarina Muñoz-SolanoFernando Jesús Sánchez-Herrera,2026,https://link.springer.com/chapter/10.1007/978-3-032-05877-5_27,Conference paper
Decentralizing Energy Trading for&#xa0;Electric Vehicles Using Blockchain Technology,"Parallel and Distributed Computing, Applications and Technologies",,,,10.1007/978-981-96-4207-6_49,Phat T. Tran-TruongP. H. T. TrungL. K. Bang,2025,https://link.springer.com/chapter/10.1007/978-981-96-4207-6_49,Conference paper
Blockchain-Enhanced Energy Trading in&#xa0;Smart Cities and&#xa0;Grids: Advancements in&#xa0;Market Systems and&#xa0;Business Models,Energy Informatics,,,,10.1007/978-3-031-74741-0_6,N. M. TrietT. D. KhoaH. N. KhaQ. T. BaoN. D. P. TrongV. C. P. LocD. M. HieuV. H. Khanh,2025,https://link.springer.com/chapter/10.1007/978-3-031-74741-0_6,Conference paper
Blockchain and Sustainable Energy,Sustainable Oil and Gas Using Blockchain,,,,10.1007/978-3-031-30697-6_5,Soheil Saraji,2023,https://link.springer.com/chapter/10.1007/978-3-031-30697-6_5,Chapter
Energizing Blockchain: Legal Gaps and Power Plays in the Energy Sector’s Digital Transformation,"Blockchain and Applications, 5th International Congress",,,,10.1007/978-3-031-45155-3_6,Pardis M Tehrani,2023,https://link.springer.com/chapter/10.1007/978-3-031-45155-3_6,Conference paper
User Sentiment Analysis of Blockchain-Enabled Peer-to-Peer Energy Trading,Proceedings of Fourth Doctoral Symposium on Computational Intelligence,,,,10.1007/978-981-99-3716-5_63,Pritty JainAnshul SaxenaJayant MahajanVikas Pratap Sing,2023,https://link.springer.com/chapter/10.1007/978-981-99-3716-5_63,Conference paper
Energy Trading Between Prosumers Based on Blockchain Technology,Blockchain and Applications,,,,10.1007/978-3-030-86162-9_3,Susana M. GutiérrezJosé L. HernándezAlberto NavarroRocío Viruega,2022,https://link.springer.com/chapter/10.1007/978-3-030-86162-9_3,Conference paper
Energy Systems Meet with Blockchain Technology,Digitalization of Power Markets and Systems Using Energy Informatics,,,,10.1007/978-3-030-83301-5_9,Umit CaliMurat KuzluManisa PipattanasompornJames KempfLinquan Bai,2021,https://link.springer.com/chapter/10.1007/978-3-030-83301-5_9,Chapter
Blockchain-technology in the energy industry: blockchain as a driver of the energy revolution? With focus on the situation in Germany,Energy Systems,,,,10.1007/s12667-020-00391-y,Bartek MikaAlexander Goudz,2020,https://link.springer.com/article/10.1007/s12667-020-00391-y,Article
Blockchain Technology in Management of the Energy Sector of the Russian Federation,"Industry Competitiveness: Digitalization, Management, and Integration",,,,10.1007/978-3-030-40749-0_53,Natalia G. ShchegolevaOlga I. TerentevaVladimir I. Khabarov,2020,https://link.springer.com/chapter/10.1007/978-3-030-40749-0_53,Conference paper
Blockchain-Based Management of Shared Energy Assets Using a Smart Contract Ecosystem,Business Information Systems Workshops,,,,10.1007/978-3-030-04849-5_19,Manuel UtzSimon AlbrechtThorsten ZoernerJens Strüker,2019,https://link.springer.com/chapter/10.1007/978-3-030-04849-5_19,Conference paper